movieId,imdbId,img
318,111161,https://m.media-amazon.com/images/M/MV5BMDFkYTc0MGEtZmNhMC00ZDIzLWFmNTEtODM1ZmRlYWMwMWFmXkEyXkFqcGdeQXVyMTMxODk2OTU@._V1_SX300.jpg
527,108052,https://m.media-amazon.com/images/M/MV5BNDE4OTMxMTctNmRhYy00NWE2LTg3YzItYTk3M2UwOTU5Njg4XkEyXkFqcGdeQXVyNjU0OTQ0OTY@._V1_SX300.jpg
2959,137523,https://m.media-amazon.com/images/M/MV5BNDIzNDU0YzEtYzE5Ni00ZjlkLTk5ZjgtNjM3NWE4YzA3Nzk3XkEyXkFqcGdeQXVyMjUzOTY1NTc@._V1_SX300.jpg
50,114814,https://m.media-amazon.com/images/M/MV5BYTViNjMyNmUtNDFkNC00ZDRlLThmMDUtZDU2YWE4NGI2ZjVmXkEyXkFqcGdeQXVyNjU0OTQ0OTY@._V1_SX300.jpg
858,68646,https://m.media-amazon.com/images/M/MV5BM2MyNjYxNmUtYTAwNi00MTYxLWJmNWYtYzZlODY3ZTk3OTFlXkEyXkFqcGdeQXVyNzkwMjQ5NzM@._V1_SX300.jpg
1193,73486,https://m.media-amazon.com/images/M/MV5BZjA0OWVhOTAtYWQxNi00YzNhLWI4ZjYtNjFjZTEyYjJlNDVlL2ltYWdlL2ltYWdlXkEyXkFqcGdeQXVyMTQxNzMzNDI@._V1_SX300.jpg
1221,71562,https://m.media-amazon.com/images/M/MV5BMWMwMGQzZTItY2JlNC00OWZiLWIyMDctNDk2ZDQ2YjRjMWQ0XkEyXkFqcGdeQXVyNzkwMjQ5NzM@._V1_SX300.jpg
912,34583,https://m.media-amazon.com/images/M/MV5BY2IzZGY2YmEtYzljNS00NTM5LTgwMzUtMzM1NjQ4NGI0OTk0XkEyXkFqcGdeQXVyNDYyMDk5MTU@._V1_SX300.jpg
750,57012,https://m.media-amazon.com/images/M/MV5BZWI3ZTMxNjctMjdlNS00NmUwLWFiM2YtZDUyY2I3N2MxYTE0XkEyXkFqcGdeQXVyNzkwMjQ5NzM@._V1_SX300.jpg
5618,245429,https://m.media-amazon.com/images/M/MV5BMjlmZmI5MDctNDE2YS00YWE0LWE5ZWItZDBhYWQ0NTcxNWRhXkEyXkFqcGdeQXVyMTMxODk2OTU@._V1_SX300.jpg
904,47396,https://m.media-amazon.com/images/M/MV5BNGUxYWM3M2MtMGM3Mi00ZmRiLWE0NGQtZjE5ODI2OTJhNTU0XkEyXkFqcGdeQXVyMTQxNzMzNDI@._V1_SX300.jpg
908,53125,https://m.media-amazon.com/images/M/MV5BZDA3NDExMTUtMDlhOC00MmQ5LWExZGUtYmI1NGVlZWI4OWNiXkEyXkFqcGdeQXVyNjc1NTYyMjg@._V1_SX300.jpg
1203,50083,https://m.media-amazon.com/images/M/MV5BMWU4N2FjNzYtNTVkNC00NzQ0LTg0MjAtYTJlMjFhNGUxZDFmXkEyXkFqcGdeQXVyNjc1NTYyMjg@._V1_SX300.jpg
2019,47478,https://m.media-amazon.com/images/M/MV5BNWQ3OTM4ZGItMWEwZi00MjI5LWI3YzgtNTYwNWRkNmIzMGI5XkEyXkFqcGdeQXVyNDY2MTk1ODk@._V1_SX300.jpg
1212,41959,https://m.media-amazon.com/images/M/MV5BYjE2OTdhMWUtOGJlMy00ZDViLWIzZjgtYjZkZGZmMDZjYmEyXkEyXkFqcGdeQXVyNzkwMjQ5NzM@._V1_SX300.jpg
1178,50825,https://m.media-amazon.com/images/M/MV5BOTI5Nzc0OTMtYzBkMS00NjkxLThmM2UtNjM2ODgxN2M5NjNkXkEyXkFqcGdeQXVyNjQ2MjQ5NzM@._V1_SX300.jpg
159817,795176,https://m.media-amazon.com/images/M/MV5BMzMyYjg0MGMtMTlkMy00OGFiLWFiNTYtYmFmZWNmMDFlMzkwXkEyXkFqcGdeQXVyNjAwNDUxODI@._V1_SX300.jpg
174053,3973198,https://m.media-amazon.com/images/M/MV5BZTE5NmJhYzktZDc2MS00YWFlLTlmMzItOGMyOGJmYmRjZDE0XkEyXkFqcGdeQXVyMjQwMjk0NjI@._V1_SX300.jpg
170705,185906,https://m.media-amazon.com/images/M/MV5BMTI3ODc2ODc0M15BMl5BanBnXkFtZTYwMjgzNjc3._V1_SX300.jpg
171011,5491994,https://m.media-amazon.com/images/M/MV5BMGZmYmQ5NGQtNWQ1MC00NWZlLTg0MjYtYjJjMzQ5ODgxYzRkXkEyXkFqcGdeQXVyNjAwNDUxODI@._V1_SX300.jpg
166024,2654430,https://m.media-amazon.com/images/M/MV5BYWVlMjUwMzEtMWQyZS00OGFjLWI4ZTQtYWVjYTE0NGE5NzFmXkEyXkFqcGdeQXVyNTE4Mzg5MDY@._V1_SX300.jpg
172591,150742,https://m.media-amazon.com/images/M/MV5BMjk5ODZjYmMtYTJjNy00MTU2LWI5OTYtYTg5YjFlMDk3ZjI0XkEyXkFqcGdeQXVyODAyNDE3Mw@@._V1_SX300.jpg
142115,296310,https://m.media-amazon.com/images/M/MV5BMjA4N2QzZGItY2IzOS00YTUyLWI5MzItNjRjNWEyODE3ZWQ4XkEyXkFqcGdeQXVyNjAwNDUxODI@._V1_SX300.jpg
163809,3718778,https://m.media-amazon.com/images/M/MV5BYzhjNzI0NWEtMzEyYy00OGViLThhMjctMWQxNGQ3Y2IzOTY4XkEyXkFqcGdeQXVyNjAwNDUxODI@._V1_SX300.jpg
179135,6769208,https://m.media-amazon.com/images/M/MV5BNDZiNDllMTAtOTgxZi00NzNiLWFhNzUtOGUwZWZjZGNjZTMyXkEyXkFqcGdeQXVyNjAwNDUxODI@._V1_SX300.jpg
185135,1665071,https://m.media-amazon.com/images/M/MV5BODY0MzI0OGMtNTJiOC00MGIxLThhZGEtYTk5MTM0MWFlZDFkL2ltYWdlXkEyXkFqcGdeQXVyNTAzOTQ2ODU@._V1_SX300.jpg
171495,81846,https://m.media-amazon.com/images/M/MV5BM2YzYzc0OWUtNmIwZi00MTBlLThjYTgtYmU1ODlhMzdjMzdjXkEyXkFqcGdeQXVyNjAwNDUxODI@._V1_SX300.jpg
172577,219233,https://m.media-amazon.com/images/M/MV5BMDM5M2JmYjAtYTQ1MC00ZTgzLThiNWMtMWI0MjQ5NWM5NGU1XkEyXkFqcGdeQXVyNTQ0MTY3MQ@@._V1_SX300.jpg
147250,229922,https://m.media-amazon.com/images/M/MV5BNzg2NzczOTEtNzU5MS00ZGJmLWI3MjMtM2MzMGFiYzE0ZWJlXkEyXkFqcGdeQXVyNzk0NTA5NQ@@._V1_SX300.jpg
191999,1942614,https://m.media-amazon.com/images/M/MV5BYjgyNWM1ZTItYjRhOS00ODM4LTgzNjUtZDVkY2Q0ZGM5MWFhXkEyXkFqcGdeQXVyOTc4MjI5MTY@._V1_SX300.jpg
182723,2395695,https://m.media-amazon.com/images/M/MV5BZTk5OTQyZjYtMDk3Yy00YjhmLWE2MTYtZmY4NTg1YWUzZTQ0XkEyXkFqcGdeQXVyNTA4NzY1MzY@._V1_SX300.jpg
